Cluster,Serial_No.,GRE_Score,TOEFL_Score,University_Rating,SOP,LOR,CGPA,Research,Chance_of_Admit
-1,59.0,300.0,99.0,1.0,3.0,2.0,6.8,1.0,0.36
0,194.4908256880734,322.95871559633025,110.16055045871559,3.5642201834862384,3.8096330275229358,3.7844036697247705,8.89091743119266,1.0,0.7979816513761468
1,208.51933701657458,309.49171270718233,104.14364640883979,2.5248618784530388,2.908839779005525,3.0607734806629834,8.257182320441988,0.0,0.6376795580110497
